index,module,topic,color,feed,term,created,country,ratio,counter,pages,language,ipcc,continent
'34383a5b38',extremes,Precipitation,#d60d2b,wmo,lluvia amazonía sur,2026-09-07T07:29:00+00:00,Ecuador,0.7205332820131537,4,2,es,NWS,South-America
'd1e11d341c',extremes,Precipitation,#d60d2b,wmo,lluvia hijo,2026-09-01T07:58:00+00:00,Mexico,0.7194222119167961,5,3,es,NCA,North-America
'12141e6d2a',extremes,Storm,#b3b2b1,wmo,tormenta litoral provincia de huasco,2026-09-04T07:23:00+00:00,Chile,0.6676577606777054,2,2,es,SWS,South-America
'a6e9427fb1',extremes,Earthquake,#870007,usgs,terremoto colombia,2026-09-02T07:16:00+00:00,Colombia,0.6337463860502294,5,3,es,NWS,South-America
'a04b9bbfb7',extremes,Earthquake,#870007,usgs,terremoto tocopilla,2026-09-01T07:57:00+00:00,Chile,0.630392472537659,3,2,es,SWS,South-America
'd1d9cf4e58',extremes,Snow&Ice,#d60d2b,wmo,argentina helada,2026-09-09T07:32:00+00:00,Argentina,0.6194728311360577,3,2,es,SES,South-America
'318d89e818',extremes,Precipitation,#d60d2b,wmo,precipitación litoral sur,2026-09-07T07:29:00+00:00,Ecuador,0.6127356148011751,2,2,es,NWS,South-America
'fc83c4610c',extremes,Storm,#b3b2b1,wmo,tormenta litoral sur,2026-09-08T07:23:00+00:00,Ecuador,0.6101012282931828,3,2,es,NWS,South-America
'6e9b187c22',extremes,Precipitation,#d60d2b,wmo,precipitación litoral norte,2026-09-07T07:29:00+00:00,Ecuador,0.6091694662967223,2,2,es,NWS,South-America
'03dcd63deb',extremes,Earthquake,#870007,usgs,terremoto puerto casma,2026-08-31T08:51:00+00:00,Peru,0.5956048762322691,1,1,es,NWS,South-America
'd389bc4f63',extremes,Earthquake,#870007,usgs,terremoto mexico,2026-08-31T08:51:00+00:00,Mexico,0.5936010378882144,2,2,es,SCA,North-America
'81f603e8c8',extremes,Wildfire,#d60d2b,effis,incendio forestal huesca españa,2026-08-20T03:26:00+00:00,Spain,0.5917675732327508,2,3,es,MED,Europe
'76ec205ec6',extremes,Wildfire,#d60d2b,effis,incendio forestal zamora españa,2026-08-22T03:22:00+00:00,Spain,0.5877449719673542,3,3,es,MED,Europe
'a471dde55c',extremes,Drought,#edc291,edo,sequía cuba,2026-09-01T07:58:00+00:00,Cuba,0.5833795369607783,2,1,es,CAR,North-America
'85a9fce86a',extremes,Earthquake,#870007,usgs,terremoto san pedro de atacama,2026-09-03T07:20:00+00:00,Bolivia,0.5801178146074035,3,1,es,SWS,South-America
'e529bb6ac5',extremes,Precipitation,#d60d2b,wmo,lluvia argentina,2026-08-24T03:32:00+00:00,Argentina,0.5660559369937243,3,3,es,SES,South-America
'5ce57f419d',extremes,Earthquake,#870007,usgs,terremoto venezuela,2026-09-01T07:57:00+00:00,Venezuela,0.565294212181122,5,3,es,NSA,South-America
'4f1ece82f6',extremes,Precipitation,#d60d2b,wmo,lluvia ver,2026-08-24T03:32:00+00:00,Mexico,0.5649875039208374,2,3,es,NCA,North-America
'01f4e3df7d',extremes,Precipitation,#d60d2b,wmo,lluvia torrencial amazonía,2026-09-05T07:05:00+00:00,Ecuador,0.5495222174012324,2,1,es,NWS,South-America
'330aa60f79',extremes,Precipitation,#d60d2b,wmo,precipitación esmeraldas manabí y santo domingo,2026-09-05T07:05:00+00:00,Ecuador,0.5493780694430899,2,1,es,NWS,South-America
'3cc9c69be7',extremes,Precipitation,#d60d2b,wmo,lluvia torrencial méxico,2026-09-02T07:16:00+00:00,Mexico,0.5476761338724786,2,1,es,NCA,North-America
'b2fb6b7960',extremes,Precipitation,#d60d2b,wmo,lluvia torrencial bcs,2026-09-04T07:23:00+00:00,Mexico,0.5463431476630157,2,1,es,NCA,North-America
'471ac42a85',extremes,Precipitation,#d60d2b,wmo,aguacero bcs,2026-09-07T07:29:00+00:00,Mexico,0.5457605147051228,2,1,es,NCA,North-America
'8fb8c234ce',extremes,Storm,#b3b2b1,wmo,marejada ciclónica amazonía sur,2026-09-06T07:16:00+00:00,Ecuador,0.5415935361715078,2,1,es,NWS,South-America
'0a775f4dbb',extremes,Storm,#b3b2b1,wmo,tormenta guayas,2026-09-05T07:05:00+00:00,Ecuador,0.5388599634046036,2,1,es,NWS,South-America
'b2267eae0c',extremes,Precipitation,#d60d2b,wmo,lluvia torrencial litoral norte,2026-09-08T07:23:00+00:00,Ecuador,0.5380460051174035,2,1,es,NWS,South-America
'2bd66b922c',extremes,Precipitation,#d60d2b,wmo,aguacero amazonía sur,2026-09-08T07:23:00+00:00,Ecuador,0.5374139966065624,2,1,es,NWS,South-America
'edae5a8a2b',extremes,Snow&Ice,#d60d2b,wmo,hielo argentina,2026-08-31T08:51:00+00:00,Argentina,0.5318941264553815,3,2,es,SES,South-America
'a95c18cd3d',extremes,Earthquake,#870007,usgs,terremoto antofagasta de la sierra,2026-09-07T07:29:00+00:00,Argentina,0.5296378834326162,2,1,es,SES,South-America
'3cd952f0bb',extremes,Wildfire,#d60d2b,effis,incendio forestal españa león villablino,2026-09-08T07:23:00+00:00,Spain,0.5294402808379324,2,1,es,MED,Europe
'67048cd97c',extremes,Precipitation,#d60d2b,wmo,lluvia torrencial chih,2026-09-05T07:05:00+00:00,Mexico,0.5283151992313937,2,1,es,NCA,North-America
'd85448eac6',extremes,Precipitation,#d60d2b,wmo,lluvia gto hgo mex mich qro,2026-09-02T07:16:00+00:00,Mexico,0.5282699935858087,2,1,es,NCA,North-America
'd2cb2b9f19',extremes,Precipitation,#d60d2b,wmo,lluvia torrencial chis oax,2026-09-05T07:05:00+00:00,Mexico,0.5254779190095481,2,1,es,NCA,North-America
'dbbf1cabe9',extremes,Earthquake,#870007,usgs,terremoto aroa,2026-09-08T07:23:00+00:00,Venezuela,0.5251628629129256,2,1,es,NSA,South-America
'50829b1cff',extremes,Precipitation,#d60d2b,wmo,lluvia torrencial cdmx hgo mex pue tlax,2026-09-07T07:29:00+00:00,Mexico,0.5248955778425558,2,1,es,NCA,North-America
'9bcd0073f7',extremes,Precipitation,#d60d2b,wmo,lluvia chih sin hijo,2026-09-06T07:16:00+00:00,Mexico,0.5236269393427382,2,1,es,NCA,North-America
'301085a00a',extremes,Precipitation,#d60d2b,wmo,precipitación dgo nay sin zac,2026-09-05T07:05:00+00:00,Mexico,0.5230928087348821,2,1,es,NCA,North-America
'66f95f4d60',extremes,Precipitation,#d60d2b,wmo,aguacero pecado hijo,2026-09-07T07:29:00+00:00,Mexico,0.5190991463915675,2,1,es,NCA,North-America
'c08e41e579',extremes,Precipitation,#d60d2b,wmo,precipitación dgo,2026-09-07T07:29:00+00:00,Mexico,0.5185042420651548,2,1,es,NCA,North-America
'ca3ab2d13b',extremes,Precipitation,#d60d2b,wmo,lluvia torrencial chih sin son,2026-09-08T07:23:00+00:00,Mexico,0.5118583153474979,2,1,es,NCA,North-America
'f7440680d2',extremes,Earthquake,#870007,usgs,terremoto salamanca,2026-09-05T07:04:00+00:00,Chile,0.5077844702630206,2,1,es,SWS,South-America
'4e4b51dd63',extremes,Precipitation,#d60d2b,wmo,precipitación gto,2026-09-09T07:32:00+00:00,Mexico,0.5055071289074835,2,1,es,NCA,North-America
'8b3dfd52b9',extremes,Precipitation,#d60d2b,wmo,aguacero oax ver,2026-09-09T07:32:00+00:00,Mexico,0.4632318196478958,3,1,es,NCA,North-America
'35a677106a',extremes,Precipitation,#d60d2b,wmo,aguacero hgo mich qro,2026-09-09T07:32:00+00:00,Mexico,0.4627509311483604,3,1,es,NCA,North-America
